{"cameraMode":{"drawMode":0,"name":"Shaded","section":"Shading Mode"},"sceneLighting":true,"audioPlay":false,"sceneViewState":{"m_AlwaysRefresh":false,"showFog":true,"showSkybox":true,"showFlares":true,"showImageEffects":true,"showParticleSystems":true,"showVisualEffectGraphs":true,"m_FxEnabled":true},"in2DMode":false,"pivot":{"x":1063.7236328125,"y":383.3194885253906,"z":-990.43701171875},"rotation":{"x":-0.031189627945423127,"y":0.001196974772028625,"z":0.000019176144633092918,"w":0.9996607303619385},"size":13.159829139709473,"orthographic":false}