{"cameraMode":{"drawMode":0,"name":"Shaded","section":"Shading Mode"},"sceneLighting":false,"audioPlay":false,"sceneViewState":{"m_AlwaysRefresh":false,"showFog":false,"showSkybox":false,"showFlares":false,"showImageEffects":false,"showParticleSystems":false,"showVisualEffectGraphs":true,"m_FxEnabled":true},"in2DMode":false,"pivot":{"x":-18.497543334960939,"y":-13.354227066040039,"z":-14.966949462890625},"rotation":{"x":-0.06108696013689041,"y":0.9390589594841003,"z":0.23845534026622773,"w":0.24031196534633637},"size":0.8660253882408142,"orthographic":false}